"MedTest","Units","Min","First_Q","Median","Mean","Third_Q","Max","Total_Data_Points","Num_Outlier","Outlier_Per"
"OHSU R ANE AWRR","",0,10,12,12.4608619173263,15,51,15918,1356,0.0852
"OHSU ANE R ETCO2","mmHg",0,30.75,34.316,32.8943407496366,38.505,78.855,15821,1524,0.0963
"OHSU R ANE MAXIMUM POSITIVE AIRWAY PRESSURE","",0,15,19,17.8836944127708,24,93,15786,1640,0.1039
"OHSU R ANE CIRCUIT O2","",19,59,79,77.2538662254184,96,110,15713,0,0
"OHSU R ANE PMEAN PAW","cm H2O",-6,7,10,8.88237167239842,12,80,15702,75,0.0048
"OHSU R ANE PEEP","cm H2O",0,5,5,4.73301898814834,6,15,15694,3327,0.212
"OHSU R ANE FIO2 W/OUT 1/100","1/100",0,56,74,72.3728499264659,94,103,15639,0,0
"OHSU R ANE ETO2 W/OUT 1/100","%",0,50,69,67.9537167800745,89,103,15578,0,0
"OHSU R ANE PULSE PLETHYSMOGRAPH","pulses/min",29,62,72,73.1951155289316,82,156,15191,272,0.0179
"OHSU ANE R ECG HEART RATE","",0,62,72,73.5377968337731,82,205,15160,476,0.0314
"OHSU ANE R SPO2","%",73,98,99,98.438395607339,100,100,14934,530,0.0355
"OHSU R ANE VENTILATOR E OF I:E (SEC)","",1,2,2,2.0192799461642,2,3,14860,1983,0.1334
"OHSU R ANE RESPIRATORY RATE SETTING","",4,11,12,13.0178510127017,15,24,14565,332,0.0228
"OHSU R ANE TIDAL VOLUME","ml",250,475,500,500.521242167596,525,800,14523,1427,0.0983
"OHSU R ANE EXPIRED TIDAL VOLUME","",0,403,469,455.110226876091,527,2573,14325,1161,0.081
"OHSU R ANE RESPIRATORY RATE FREQ/MIN","",1,11,12,13.1571187868576,16,56,14244,374,0.0263
"OHSU R ANE EXP MINUTE VOL W/OUT %","",0,4.71,6,5.95385393969213,7.3,15.1,14227,374,0.0263
"OHSU R ANE ST LEVEL 2","mm",-4.1,-0.2,0,0.000566465256797583,0.2,7.4,13240,777,0.0587
"OHSU ANE ECG LEAD V","",-2.4,-0.1,0,0.294357189119171,0.2,25,12352,1361,0.1102
"PULSE","",6,72,83,85.1955119938096,97,190,11631,160,0.0138
"PULSE OXIMETRY","%",43,94,96,96.0640971488912,98,100,9470,104,0.011
"RESPIRATIONS","",0,16,16,17.457334611697,19,95,9387,1182,0.1259
"ANE R ABP MEAN","mmHg",-40,69,78,85.1006195786865,89,354,8070,553,0.0685
"OHSU R ANE AVANCE O2 FLOW RATE","l/min",0.18,0.93,1.25,2.34187957157785,2,15.02,7656,1112,0.1452
"OHSU R ANE INSPIRATORY PAUSE SETTING","",0,0,0,0,0,0,7458,0,0
"OHSU IP R BP MEAN","mmHg",25,69,80,80.6976248044375,91,198,7031,68,0.0097
"OHSU R ANE PATIENT TEMPERATURE","",17.8,35.6,36,35.9189677659773,36.6,37.9,5367,76,0.0142
"OHSU R ANE INSP SEVOFLURANE W/OUT %","",0,1.35,1.8,1.67449768160742,2.1,7.1,5176,684,0.1321
"OHSU R ANE ET SEVOFLURANE W/OUT %","",0,1.1,1.5,1.39069902912621,1.8,4.6,5150,420,0.0816
"OHSU R ANE INSP ISOFLURANE W/OUT %","",0,0.8,1,0.972030610045268,1.3,3.1,4639,484,0.1043
"OHSU R ANE ET ISOFLURANE W/OUT %","",0,0.6,0.8,0.767362162162162,1,2.85,4625,9,0.0019
"OHSU R ANE CVP MEAN","mmHg",-40,7,11,53.7643638055362,20,348,4299,793,0.1845
"OHSU R ANE INSP DESFLURANE W/OUT %","",0,4.1,5.6,5.13613992762364,6.5,14.4,4145,280,0.0676
"OHSU R ANE AVANCE AIR FLOW RATE","l/min",0.1,0.5,0.5,0.714023210831721,0.8,11.4,4136,238,0.0575
"OHSU R ANE ET DESFLURANE W/OUT %","",0,3.7,4.95,4.62104100171863,5.8,13.1,4073,150,0.0368
"OHSU R ED VITALS REASSESSMENT ALERT RETRIGGER","",11,106,122,123.664282190429,139,226,4054,28,0.0069
"OHSU IP R PULSE PLETHYSMOGRAPH","pulses/min",16,67,81,83.2039344262295,96,162,3050,27,0.0089
"OHSU ANE R NIBP MEAN","mmHg",26,67,80,82.3234401349072,94,241,2965,49,0.0165
"OHSU IP R PAIN NUMERIC SCORE 1","",0,3,5,4.88616071428571,7,10,2912,0,0
"OHSU IP R OXYGEN AMOUNT","LPM",0,2,2,2.78150481838399,3,25,2698,541,0.2005
"RETIRED-OHSU IP R NUMBER OF ASSISTERS","",0,1,1,1.35589941972921,2,22,2585,13,0.005
"URINE OUTPUT","mL",0,150,250,279.733172108021,400,4000,2481,84,0.0339
"ORAL INTAKE","mL",0,120,240,243.362217659138,350,1120,2435,37,0.0152
"OHSU R ANE ESOPHAGEAL TEMP","",17.1,35.4,35.9,35.7029641827913,36.4,37.1,2429,48,0.0198
"OHSU IP R HENDRICH TOTAL","",0,2,3,4.07455131155085,6,15,2173,32,0.0147
"OHSU IP VITALS ALERT FORMULA","",0,1,1,1.5703564727955,2,7,2132,132,0.0619
"CPM F09 ROW AS SC BRADEN SCORE (IF 18 OR LESS ACTIVATE PRESSURE ULCER, RISK GUIDELINE)","",9,16,19,18.0349581486952,20,23,2031,1,5e-04
"OHSU IP R APACHE TEMPERATURE","",34.61,36.5,36.72,36.784070886076,36.89,39.11,1975,137,0.0694
"OHSU IP R QT INTERVAL CORRECTED FOR RATE","msec",0.36,443,465,466.15782631038,486,940,1946,132,0.0678
"CPM S12 ROW AS SC SCORE (GLASGOW COMA SCALE) (ADULT, OB)","",3,15,15,14.2614308768155,15,15,1859,421,0.2265
"RETIRED - OHSU IP R URINARY DRAIN OUTPUT","mL",0,40,85,196.061894510226,225,2900,1858,184,0.099
"OHSU R ANE NASO TEMP","",13.8,35.2,35.9,35.332505399568,36.3,37.6,1852,58,0.0313
"OHSU IP R MAINTENANCE IV VOLUME IN ML'S","ml",0,19.5,60,102.857532894737,125,1800,1824,144,0.0789
"OHSU G INTAKE VOLUME","mL",0,50,100,221.595021459227,300,2200,1631,148,0.0907
"OHSU IP PSH FORMULA","",0,0,1,1.41666666666667,2,7,1464,14,0.0096
"OHSU IP R MAINTENANCE IV RATE","mL/hr",0,10,50,56.2385269121813,90,1000,1412,7,0.005
"OHSU IP R CVP MEAN","mmHg",-30,6,11,19.9294117647059,15,356,1275,87,0.0682
"OHSU R ANE INSP NO2","%",0,0,0,9.96483606557377,1,74,1220,287,0.2352
"OHSU R ANE ETN2O","%",0,0,0,10.6956345177665,6.8,74,985,216,0.2193
"RETIRED - OHSU IP R PERIPHERAL SALINE FLUSH","mL",0,5,10,8.52432432432432,10,30,925,27,0.0292
"OHSU R ANE O2 FLOW RATE","l/min",0,1.75,2,3.27692137320044,3,15.01,903,156,0.1728
"OHSU IP R % MEAL CONSUMED","%",0,40,75,67.5300794551646,100,500,881,3,0.0034
"RETIRED - OHSU IP R WOUND DRAINOUTPUT","",0,12,30,50.5260718424102,60,550,863,60,0.0695
"OHSU R ANE CORE TEMP","",18.6,35.2,36,35.6962640099626,36.5,38.5,803,33,0.0411
"OHSU IP R ARTERIAL B/P MEAN","mmHg",-33,68,75,78.3512820512821,87,288,780,24,0.0308
"OHSU IP R IV PIGGY-BACK VOLUME ML","mL",0,50,50,101.68018018018,100,1100,777,106,0.1364
"ANE R PAP MEAN","mmHg",-9,25,33,53.2918287937743,41,303,771,104,0.1349
"OHSU R ANE BLOOD TEMP","",20.38,35.3575,36.25,34.4208064516129,36.61,37.58,744,126,0.1694
"OHSU IP R CBG RESULT BILLABLE (RETIRED ROW)","",53,101,122,132.291731669267,150,406,641,32,0.0499
"RETIRED - OHSU IP R CENTRAL LINE SALINE","mL",0,3,3,8.77437106918239,10,100,636,37,0.0582
"OHSU IP R FIO2","fraction of O2",0.7,35,40,46.1848818897638,50,100,635,59,0.0929
"OHSU IP R HEARTWARE PUMP POWER","Watts",2.5,3.7,4,8.24911147011309,4.4,2640,619,5,0.0081
"OHSU IP R ART LINE B/P MEAN","mmHg",39,66,73,76.0324675324675,81.25,271,616,44,0.0714
"OHSU IP R HEARTWARE PUMP FLOW LPM","L/min",2.6,5.3,5.9,5.86513911620295,6.4,7.5,611,2,0.0033
"OHSU IP R HEARTWARE PUMP SPEED RPM","Rev/Min",278,2540,2640,2624.98811544992,2740,2870,589,1,0.0017
"OHSU R ANE SKIN TEMP","",20.1,35.1,35.7,35.6846560846561,36.7,37.5,567,22,0.0388
"OHSU R ANE SVO2","%",44,69,77,76.3612662942272,85,100,537,1,0.0019
"OHSU R ANE CARDIAC OUTPUT","l/min",4.75,4.82,4.82,5.6368984962406,5.79,9.94,532,106,0.1992
"OHSU IP R INSULIN VOLUME (ML)","mL",0,1.5,3,5.54419047619048,6,132.54,525,50,0.0952
"OHSU R ANE CARDIAC INDEX","",2.3,2.32,2.56,2.76208494208494,2.92,4.58,518,12,0.0232
"OHSU IP R HEARTWARE ESTIMATED PULSATILITY PEAK","L/min",2,4,5,5.03854389721627,6,10,467,2,0.0043
"RETIRED - OHSU IP R INTAKE TUBE FEED","mL",0,27.5,60,77.2354211663067,90,450,463,40,0.0864
"RETIRED - OHSU IP R TUBE FEED RATE","mL/hr",0,20,55,54.9781181619256,60,400,457,19,0.0416
"OHSU IP R URINARY DRAIN OUTPUT V2","mL",0,50,100,155.407079646018,182.5,1380,452,42,0.0929
"OHSU IP R PAIN NVPS TOTAL","",0,0,0,1.59777777777778,3,8,450,2,0.0044
"OHSU IP R PAP MEAN","mmHg",11,25,29,29.5852534562212,32,359,434,22,0.0507
"OHSU IP R BSA","sq meters",1.32,1.81,1.99,1.97731234866828,2.11,2.88,413,4,0.0097
"OHSU IP R FUROSEMIDE VOLUME (ML)","mL",0,4,8,13.9475735294118,16,580.55,408,22,0.0539
"OHSU IP R PERIPHERAL SALINE FLUSH V2","mL",0,5,10,9.56030150753769,10,32,398,32,0.0804
"OHSU R ANE AIR FLOW RATE","l/min",0,0.3,0.3,0.468765743073048,0.6,5,397,2,0.005
"OHSU IP R HEPARIN VOLUME (ML)","",0,10,14,26.2816202531646,21.75,361.81,395,55,0.1392
"OHSU R ANE ECG LEAD AVL","",-0.6,-0.1,0,-0.0376590330788804,0,0.3,393,68,0.173
"OHSU R ANE ST LEVEL 1","mm",-0.3,0,0,0.0486910994764398,0.1,0.4,382,19,0.0497
"OHSU IP R BMI","",16.4,24.7,29.8,30.0153034300792,34.5,53,379,5,0.0132
"OHSU R ANE ST LEVEL 3","mm",-0.5,-0.1,0,0.137203166226913,0.4,1.1,379,0,0
"R RT (FEMALE ADULT) IDEAL BODY WEIGHT","",43.2,52.4,60.45,60.3291891891892,66.2,80,370,0,0
"OHSU R ANE ECG LEAD AVF","",-0.4,0,0,0.145580110497238,0.4,0.9,362,0,0
"OHSU IP R VENT PBW","kg",43.2,54.7,61.5,62.5270718232044,70.7,84.5,362,0,0
"OHSU R ANE ECG LEAD AVR","",-0.8,-0.2,0,-0.113920454545455,0,0.4,352,12,0.0341
"BMI STK","",15.27,24.295,29.93,30.3623361823362,34.94,54.8,351,3,0.0085
"RETIRED - OHSU IP R HEARTMATE II DOPPLER PRESSURE","mmHg",62,80,86,87.6034482758621,94,122,348,10,0.0287
"OHSU IP R HEARTWARE HIGH POWER ALARM","watts",5.5,7,7,6.89970930232558,7,7,344,28,0.0814
"R RT (MALE ADULT) IDEAL BODY WEIGHT","",47.7,56.9,63.8,64.5010850439883,70.7,84.5,341,0,0
"OHSU IP R HEARTWARE LOW FLOW ALARM","L/min",2,2.5,2.5,2.5755223880597,2.5,4,335,28,0.0836
"RETIRED - OHSU IP R LDA ART LINE SALINE FLUSH VOLUME","mL",3,3,3,3.11180124223602,3,15,322,5,0.0155
"OHSU IP R MILRINONE VOLUME (ML)","mL",0,3.58,6.5,11.9693081761006,9.63,154.66,318,40,0.1258
"CPM S12 ROW AS BMI (KG/M2).BODY MEASUREMENTS (ADULT, OB, PEDIATRIC)","",16.4,24.6225,29.92,30.3973734177215,35.425,53.25,316,3,0.0095
"BMI -T","",15.23,24.85,30.02,30.5504444444444,35.1,54.68,315,6,0.019
"CPM S12 ROW AS SC ALDRETE SCORE (ADULT, OB, PEDIATRIC)","",3,8,9,8.67100977198697,10,10,307,4,0.013
"OHSU IP R HCT SETTING","",20,25,27,27.8191489361702,30,39,282,6,0.0213
"OHSU R ANE PPV","",3,7,9,10.1567164179104,12,27,268,17,0.0634
"OHSU IP R VENT VE","L/MIN",3,8.65,10,10.7462151394422,12.1,23.3,251,15,0.0598
"RETIRED - OHSU IP R EPIDURAL LOCKOUT","min",0,15,15,15.2362869198312,15,145,237,11,0.0464
"RETIRED - OHSU IP R OSTOMY OUTPUT","mL",0,75,200,299.367088607595,400,2200,237,15,0.0633
"OHSU IP R LDA FLUSH VOLUME V2","ml",0,3,3,9.24786324786325,10,50,234,28,0.1197
"OHSU IP R VENT PEEP","cm H2O",0,5,5,6.92274678111588,8,16,233,9,0.0386
"OHSU IP R  AIRWAY RESP RATE","",0,12,14,14.6810344827586,18,38,232,23,0.0991
"OHSU IP R EXH TIDAL VOLUME","ml",0,480,540,553.438995633188,600,1350,229,12,0.0524
"OHSU IP R NOREPINEPHRINE VOLUME (ML)","mL",0,4.34,6.7,10.5764473684211,13,90.6,228,20,0.0877
"RETIRED - OHSU IP R EPIDURAL BASAL RATE  VOLUME","mL/hr",0,3.5,5,5.32522123893805,8,15,226,1,0.0044
"OHSU IP R SVO2","%",10,58,64,61.5377777777778,69,100,225,22,0.0978
"RETIRED - OHSU IP R EPIDURAL DOSE","mL",0,2,3,3.04708520179372,3,5,223,50,0.2242
"CPM S12 ROW INV NUMBER OF REPETITIONS X (INCENTIVE SPIROMETER) (ADULT, OB, PEDIATRIC)","",1,5,10,24.0136363636364,10,1250,220,3,0.0136
"RETIRED - OHSU IP R FREE WATER IN","mL",0,30,60,65.3953488372093,100,200,215,0,0
"OHSU IP R PCA MG HYDROMORPHONE BASAL RATE","mg/hr",0,0,0,0.0258215962441315,0,1,213,7,0.0329
"OHSU IP R FENTANYL VOLUME (ML)","mL",1,5,7.5,9.54347417840376,12.5,39.5,213,9,0.0423
"OHSU IP R PCA MG HYDROMORPHONE DEMAND DOSE","mg",0.1,0.2,0.3,0.304455445544554,0.4,0.7,202,0,0
"OHSU IP R IV BOLUS VOLUME ML","mL",0,100,500,464.497395833333,500,2000,192,1,0.0052
"OHSU IP R PROPOFOL VOLUME (ML)","mL",0,5.4,10.58,14.9423036649215,20.105,154.89,191,6,0.0314
"RETIRED - OHSU IP R CHEST TUBE OUTPUT","mL",0,10,30,53.2258064516129,60,1500,186,13,0.0699
"CPM S12 ROW INV LEVEL (ML) (INCENTIVE SPIROMETER) (ADULT, OB, PEDIATRIC)","",10,500,750,1042.5,1500,2500,184,0,0
"RETIRED - OHSU IP R LDA PICC FLUSH VOLUME","ml",0,10,20,21.8857142857143,30,60,175,0,0
"OHSU R ANE SQI","",0,72.5,92,79.36,100,100,175,17,0.0971
"OHSU IP R PCA MG HYDROMORPHONE LOCKOUT","min",0,6,7,7.66473988439306,8,20,173,7,0.0405
"RETIRED - OHSU IP R LDA GASTRIC TUBE OTHER INPUT","mL",0,30,50,70.6976744186046,76.25,1000,172,15,0.0872
"OHSU IP R VENT PRESS SUPP SET","cm H2O",0,10,10,11.9005847953216,15,18,171,3,0.0175
"OHSU IP R VENT RESP RATE TOTAL","bpm",7,16,20,21.5243902439024,25.25,47,164,3,0.0183
"OHSU IP R WOUND DRAIN OUTPUT V2","",0,5,20,35.441717791411,52.5,325,163,4,0.0245
"OHSU IP R PCA MG HYDROMORPHONE BOLUS","mg",0,0,0,0.00617283950617284,0,0.5,162,2,0.0123
"OHSU IP R VENT RESP RATE (SET)","bpm",4,14,18,18.5465838509317,22,35,161,1,0.0062
"OHSU R ANE BIS","",20,25,39,40.4258064516129,51,93,155,2,0.0129
"OHSU IP R VAD DOPPLER PRESSURE","mmHg",60,76,82,81.6967741935484,87.5,106,155,1,0.0065
"OHSU IP R VENT TIDAL VOLUME","ml",0,450,550,500.589935064935,550,630,154,3,0.0195
"RETIRED - OHSU IP R TUBE FEED RESIDUALS","mL",0,0,0,42.8,5,1400,150,31,0.2067
"RETIRED - OHSU IP R PLACEMENT IN CM","cm",21,22,24,36.1111111111111,55,95,144,0,0
"OHSI IP VENT INSP PRES","cm H2O",5,21,24.5,25.1458333333333,28.25,46,144,5,0.0347
"OHSU R ANE ETNO2","ppm",0,0,14.5,19.1971830985915,39.75,49,142,0,0
"OHSU R ANE AVANCE PRIMARY INSP","",0,1.5,2.1,1.93802816901408,2.5,4.5,142,1,0.007
"RETIRED - OHSU IP R NGT OUTPUT","mL",0,12.5,125,221.31884057971,300,1500,138,10,0.0725
"OHSU IP R VENT ALARM VE LOW","L",1,4,4,3.93478260869565,4,20,138,45,0.3261
"OHSU IP R LDA PA CATHETER FLUSH VOLUME V2","mL",6,6,6,13.5454545454545,6,66,132,32,0.2424
"OHSU IP R ETCO2","mmHg",12,30,34,33.1307692307692,38,47,130,5,0.0385
"OHSU R ANE AVANCE PRIMARY ET","",0,1.3,1.6,1.52153846153846,2,3.1,130,14,0.1077
"OHSU IP R VASOPRESSIN VOLUME (ML)","mL",0,1.8,2.4,6.63038759689922,5,50,129,21,0.1628
"OHSU IP R VENT ALARM LOW PPK","cm H2O",0,5,8,7.94573643410853,8,150,129,4,0.031
"OHSU IP R AMIODARONE VOLUME (ML)","mL",0,16.67,16.7,30.98453125,33.3,221.16,128,13,0.1016
"OHSU IP R EPINEPHRINE VOLUME (ML)","mL",1.79,6.8,10.7,12.178031496063,16,28.63,127,0,0
"OHSU IP R ICP MEAN","mmHg",2,8,10,11.528,14,32,125,6,0.048
"OHSU IP R RT OXYGEN FLOW RATE","",1,2,3,3.65163934426229,4,25,122,5,0.041
"CPM S12 ROW PRO ACCEPTABLE COMFORT LEVEL (ADULT, OB, PEDIATRIC, SSP)","",0,3,4,3.67213114754098,4,8,122,13,0.1066
"OHSU IP R VENT ALARM VT HIGH","ml",1,1200,1400,1349.28833333333,1500,2000,120,32,0.2667
"OHSU R ANE AVANCE N2O FLOW RATE","l/min",0.3,0.5,0.5,1.0625,1.6,7.2,120,4,0.0333
"OHSU IP R PRESSURE IN AIRWAY","cm H2O",7,10,13,14.0168067226891,16,29,119,4,0.0336
"OHSU R AVANCE PRIMARY AGENT NUMBER","",6,6,6,6,6,6,119,0,0
"OHSU IP R APNEA INTERVAL","sec",15,20,20,19.9576271186441,20,20,118,1,0.0085
"OHSU IP R VENT P TRIG","cm H2O",3,3,3,3,3,3,118,0,0
"RETIRED - OHSU IP R EPIDURAL VOLUME REMAINING","mL",0,208.3,291.25,291.766379310345,398.675,500,116,0,0
"OHSU IP R BLADDER SCAN AMOUNT","mL",0,107.75,228,296.431034482759,432.5,1000,116,4,0.0345
"OHSU IP R PAIN NUMERIC SCORE 2","",0,3,5,4.58035714285714,6,10,112,0,0
"OHSU IP R FLOW TRIG","L/min",0.5,1,1,1.02142857142857,1,2,112,27,0.2411
"OHSU IP R VENT ALARM VE HIGH","L",18,20,20,20.963963963964,20,30,111,22,0.1982
"OHSU IP R DBW","",40.91,56.82,67.27,65.3915596330275,72.73,89.09,109,0,0
"OHSU IP R VENT ALARM VT LOW","ml",0,150,200,188.258333333333,200,2000,108,31,0.287
"OHSU IP R HEMODIALYSIS  UF TOTAL","",0,389,1176.5,1549.40566037736,2063.5,24443,106,1,0.0094
"OHSU IP R HEMODIALYSIS  UFR","",300,455,650,692.075471698113,900,1750,106,1,0.0094
"OHSU IP R HEMODIALYSIS NS FLUSH","mL",0,0,0,93.3333333333333,200,300,105,0,0
"OHSU IP R TIDAL VOLUME SPON","ml",0,326.5,450,423.759615384615,580,1500,104,3,0.0288
"OHSU IP R PCA MG HYDROMORPHONE DOSE CLEARED","mg",0,1.4,3.05,4.83490196078431,6.875,18.9,102,8,0.0784
"OHSU IP R PCA MG HYDROMORPHONE ATTEMPTS","",0,8,15,17.89,25,83,100,4,0.04
"OHSU IP R VENT BIAS FLOW","L/min",2,2,2,2.15,2,5,100,11,0.11
"RETIRED - OHSU IP R EPIDURAL CLINICIAN BOLUS","mL",0,0,0,0.373737373737374,0,5,99,9,0.0909
"OHSU IP R VENT ALARM HIGH PPK","cm H2O",20,50,50,50.4591836734694,55,65,98,23,0.2347
"OHSU IP R ALARM RR HIGH","bpm",40,40,40,45.5102040816327,50,200,98,1,0.0102
"OHSU IP R MG HYDROMORPHONE DOSES GIVEN","",0,7.75,12,14.3895833333333,19,53,96,3,0.0312
"OHSU IP R INSULIN PROTOCOL COLUMN","",0,3,5,5.2989247311828,5,34,93,9,0.0968
"INR","",0.9,2.2,2.6,2.70989247311828,3.2,6.6,93,3,0.0323
"TUESDAY (MG)","",0,5,5,5.27472527472527,7.5,10,91,4,0.044
"SATURDAY (MG)","",0,5,5,5.61538461538461,7.5,10,91,5,0.0549
"OHSU IP R CARDIAC INDEX","",1,2.165,2.7,2.67604395604396,3.17,4.5,91,0,0
"SUNDAY (MG)","",0,5,5,5.3,7.5,10,90,4,0.0444
"OHSU IP R TUBE FEED RATE V2","mL/hr",0,40,60,93.4444444444444,70,400,90,18,0.2
"THURSDAY (MG)","",0,5,5,5.78651685393258,7.5,10,89,3,0.0337
"OHSU IP R DOBUTAMINE VOLUME","mL",2,7.76,8.1,9.97842696629213,8.1,58.59,89,40,0.4494
"OHSU IP R CARDIAC OUTPUT","",2,3.9175,5.13,5.42636363636364,6.5475,10.3,88,0,0
"OHSU IP R SVR","",270,696.75,824,928.522727272727,1064.75,3151,88,6,0.0682
"OHSU IP R BLOOD MEASURED OUTPUT","mL",5,45,100,117.126436781609,150,700,87,6,0.069
"FRIDAY (MG)","",0,5,5,5.75862068965517,7.5,10,87,3,0.0345
"RETIRED - OHSU IP R LDA PA CATHETER FLUSH VOLUME","mL",6,6,6,11.8023255813953,6,56,86,17,0.1977
"WEEKLY TOTAL","",0,32.5,40,38.2409638554217,47.5,67.5,83,2,0.0241
"RETIRED - OHSU IP R CT CM H2O SUCTION","",-20,20,20,19.7831325301205,20,60,83,3,0.0361
"OHSU IP R VENT PSV RISE","",1,3,5,10.5128205128205,5,525,78,1,0.0128
"WEDNESDAY (MG)","",0,5,5,5.62179487179487,7.5,10,78,4,0.0513
"OHSU IP R INTRA-SEDATION INCREMENTAL FENTANYL DOSE","mcg",25,25,25,36.5131578947368,50,50,76,0,0
"MONDAY (MG)","",0,5,5,5.66666666666667,7.5,10,75,3,0.04
"OHSU IP R LDA DRAWN OUTPUT V2","mL",0,3,5,5.81081081081081,7,40,74,2,0.027
"OHSU IP R PED VENT PPEAK PIP","cm H2O",0,20,28,27.8356164383562,36,49,73,0,0
"RETIRED - OHSU IP R CSF OUTPUT","mL",0,5,9,9.45833333333333,13,32,72,2,0.0278
"OHSU IP R % EATEN FOOD ITEM 1","%",0,50,82.5,69.8194444444444,100,240,72,1,0.0139
"OHSU IP R VENT PSV TMAX","sec",1,2,2,2.51830985915493,2.5,5,71,11,0.1549
"CPM S12 ROW AS PREDICTED LEVEL (ML) (INCENTIVE SPIROMETER) (ADULT, OB, PEDIATRIC)","",100,500,750,930.281690140845,1225,2500,71,3,0.0423
"OHSU IP R SPO2R","%",88,95,98,96.9565217391304,100,100,69,0,0
"R CPOT TOTAL SCORE","",0,0,0,1.43478260869565,3,8,69,1,0.0145
"OHSU IP R INTAKE TUBE FEED V2","mL",10,27.5,50,53.8970588235294,70,220,68,2,0.0294
"OHSU IP R PVRI","",95,159,199,246.75,294.25,720,68,6,0.0882
"OHSU IP R PAWP","mmHg",9,17,21,20.6363636363636,25,39,66,1,0.0152
"OHSU IP R SV (ML)","mL",23.6,37.075,47.5,53.4,65.475,104.3,66,0,0
"OHSU IP R VENT CYCLE %","%",2,25,25,25.1076923076923,25,35,65,7,0.1077
"OHSU IP R HEMODILAYSIS INITIAL HEPARIN UNIT BOLUS","",0,0,0,92.3076923076923,0,2000,65,3,0.0462
"RETIRED - OHSU IP R EPIDURAL ATTEMPTS","",0,0,3.5,14.09375,25,68,64,1,0.0156
"OHSU IP R PVR","",42,86.5,104,128.730158730159,143.5,512,63,6,0.0952
"OHSU IP R FREE WATER IN V2","mL",20,55,60,75.0847457627119,100,180,59,1,0.0169
"OHSU IP R VENT PK FLOW","L/min",0,60,70,176.542372881356,75,6565,59,9,0.1525
"OHSU IP R PORT SALINE FLUSH VOLUME V2","mL",5,10,20,19.6551724137931,30,40,58,0,0
"RETIRED - OHSU IP R STRAIGHT CATH VOLUME","mL",100,356.25,525,533.362068965517,637.5,1100,58,0,0
"OHSU IP R CHEST TUBE OUTPUT V2","mL",0,10,30,36.5172413793103,60,120,58,0,0
"OHSI IP R VENT PLAT PRESS","cm H2O",0,17,21,20.6491228070175,25,35,57,2,0.0351
"O2","",0,0,1.5,1.41071428571429,2,4,56,0,0
"RETIRED - OHSU IP R EPIDURAL VOLUME INFUSED","mL",0,45.5,96.6,119.759090909091,158.8,503.1,55,1,0.0182
"OHSU IP R SVRI","dynes",912,1652.5,1883,2213.38888888889,2698.75,4427,54,1,0.0185
"OHSU R ANE SPO2 LEFT","%",94,99,99,98.5094339622642,100,100,53,11,0.2075
"OHSU IP R INTRA-SEDATION INCREMENTAL MIDAZOLAM DOSE","",0,1,1,1.74528301886792,2,25,53,1,0.0189
"OHSU IP R CPP","mmHg",54,72,81,79.4901960784314,88.5,100,51,0,0
"OHSU IP R DEXMEDETOMIDINE VOLUME","mL",0,6.5,16.78,17.6383673469388,27.68,33.55,49,0,0
"AMB R REH AMPAC BASIC MOBILITY TOTAL SCORE","",6,16,18,17.4255319148936,20,24,47,5,0.1064
"OHSU IP R ICU ARCTIC SUN WATER TEMP","Celsius",12.5,15.075,20.65,20.5304347826087,25.3,29.4,46,0,0
"OHSU IP R PCA LOCKOUT NON-DUP","min",6,6,8,8.26666666666667,10,10,45,0,0
"OHSU IP R LDA PA CATHETER CM TO HUB V2","cm",45,49,52,52.4666666666667,55,60,45,0,0
"OHSU R ANE LEFT  PULSE PLETHYSMOGRAPH","pulses/min",53,60,72,67.9318181818182,75,83,44,0,0
"EMESIS","mL",10,50,100,224.767441860465,300,1100,43,4,0.093
"ANE R ART MEAN","mmHg",54,83,100,98.8139534883721,112,137,43,0,0
"OHSU R ED COM PTA AGE","",50,56.5,71,67.3255813953488,75.5,83,43,0,0
"OHSU IP R LDA GASTRIC TUBE OTHER INPUT V2","mL",0,25,50,61.2790697674419,80,200,43,3,0.0698
"RETIRED - OHSU IP R WOUND IRRIGATION INPUT","mL",0,10,10,22.6744186046512,20,100,43,7,0.1628
"OHSU IP R CIWA-AR TOTAL","",0,5,8,8.46511627906977,9,25,43,5,0.1163
"OHSU IP R VENT ET CUFF PRESSURE","cmH2O",20,24,24,24.5116279069767,26,28,43,2,0.0465
"OHSU IP R % EATEN FOOD ITEM 3","%",0,50,100,70.4186046511628,100,100,43,0,0
"OHSU IP R SCOPE #","",6,354,483,555.857142857143,912.25,986,42,0,0
"OHSU IP R % EATEN FOOD ITEM 2","%",0,26.25,75,65.2857142857143,100,120,42,0,0
"OHSU IP R EPIDURAL MEDICATION INTAKE VOLUME","mL",0,3,4,7.20292682926829,6,99.7,41,4,0.0976
"OHSU IP R PCA MORPHINE LOCKOUT","min",0,6,6,6.69230769230769,6,15,39,8,0.2051
"OHSU IP R IABP ASSISTED END DIASTOLIC","mmHg",49,54,58,60.2820512820513,65.5,76,39,0,0
"OHSU IP R PERIOP (MG) HYDROMORPHONE","mg",0.1,0.2,0.2,1.62894736842105,0.5,50,38,1,0.0263
"LITTLE INTEREST OR PLEASURE IN DOING THINGS","",0,1,2,1.78947368421053,3,3,38,0,0
"OHSU IP R PIGGYBACK IV VOLUME (FOR USE WITH IVPB WITH DOSE AND RATE)","",25,35,50,99.8289473684211,100,520,38,6,0.1579
"OHSU IP R CT CM H2O SUCTION V2","",20,20,20,20,20,20,38,0,0
"OHSU IP R TOTAL PEEP","cm H2O",0,5,6,7.39473684210526,9,18,38,2,0.0526
"MOVING / SPEAKING SO SLOWLY PEOPLE MAY NOTICE OR SO FIDGETY / RESTLESS HAVE BEEN MOVING AROUND MORE THAN USUAL","",0,0,0,0.459459459459459,1,2,37,0,0
"FEELING BAD ABOUT YOURSELF - OR THAT YOU ARE A FAILURE OR HAVE LET YOURSELF OR YOUR FAMILY DOWN","",0,0,0,0.945945945945946,2,3,37,0,0
"OHSU IP R PCA MORPHINE DEMAND DOSE","mg",0,1,1,0.959459459459459,1,2.5,37,8,0.2162
"TROUBLE FALLING/STAYING ASLEEP, SLEEPING TOO MUCH","",0,1,2,1.75,3,3,36,0,0
"RETIRED - OHSU IP R TUBE FEED BOLUS","mL",0,150,310,230,310,400,35,0,0
"PHQ TOTAL SCORE","",1,5,13,11.8571428571429,18,27,35,0,0
"OHSU IP R PAIN FACES SCORE 1","",0,0,0,1.85714285714286,3,8,35,3,0.0857
"THOUGHTS YOU WOULD BE BETTER OFF DEAD OR OF HURTING YOURSELF IN SOME WAY","",0,0,0,0.285714285714286,0,3,35,5,0.1429
"OHSU IP R STOOL/URINE MIX","mL",1,200,300,288.6,350,800,35,3,0.0857
"OHSU IP R PCA DEMAND DOSE NON-DUP","",0.1,0.2,0.2,0.832352941176471,0.3,20,34,2,0.0588
"OHSU IP R MIDAZOLAM VOLUME (ML)","mL",0,2,2,2.54545454545455,3,4,33,1,0.0303
"OHSU IP R TUBE FEED BOLUS V2","mL",50,300,300,281.060606060606,360,360,33,7,0.2121
"OHSU IP R APNEA VOLUME","ml",400,500,570,537.575757575758,570,600,33,0,0
"OHSU IP R IV MISCELLANEOUS","mL",10,10,350,1003.6875,1503.25,5000,32,2,0.0625
"RETIRED - OHSU IP R CM EXPOSED - IV TEAM ONLY","cm",2,3.75,5,5.375,7,10,32,0,0
"FEELING DOWN, DEPRESSED OR HOPELESS","",0,0.75,2,1.625,3,3,32,0,0
"OHSU IP R ALBUMIN VOLUME","mL",50,50,50,125.806451612903,250,500,31,0,0
"OHSU IP R IABP UNASSISTED END DIASTOLIC","mmHg",53,58,60,62.8,67.75,82,30,0,0
"OHSU IP R RT CDYN","ml/cm",11,14,18.5,30.4666666666667,40.25,84,30,0,0
"OHSU IP R CENTRAL LINE SALINE V2","mL",3,3,10,10.9333333333333,13.75,30,30,0,0
"SAO2","",84,94,97,96,98.75,100,30,1,0.0333
"OHSU IP R NITROGLYCERIN VOLUME (ML)","mL",0,2.6,2.6,2.51034482758621,2.6,2.6,29,1,0.0345
"OHSU IP R MPADSS SCORE","",8,9,9,9.3448275862069,10,10,29,0,0
"OHSU IP R APENA PK FLOW","L/min",60,60,70,69.8275862068966,70,90,29,3,0.1034
"OHSU IP R PCA MG MORPHINE DEMAND DOSE","mg",1,1,1,1.06896551724138,1,2,29,2,0.069
"OHSU IP R OSTOMY OUTPUT V2","mL",50,100,150,155.172413793103,200,350,29,0,0
"OHSU IP R RT O2 BLEED IN","L/min",0,2,2,1.98275862068966,2,3.5,29,5,0.1724
"OHSU IP R VENT APENA SET RATE","bpm",10,14,18,16.3448275862069,18,22,29,0,0
"POOR APPETITE OR OVEREATING","",0,1,2,1.75862068965517,3,3,29,0,0
"RETIRED - OHSU IP R BLADDER IRRIGATION INPUT","mL",0,20,50,412.758620689655,250,3600,29,6,0.2069
"OHSU IP R IABP AUGMENTATION","mmHg",87,96,103,106.448275862069,115,142,29,0,0
"TROUBLE CONCENTRATING ON THINGS, E.G. READING NEWSPAPER OR WATCHING T.V.","",0,0,0.5,1,2,3,28,0,0
"OHSU IP R PCA MORPHINE CONCENTRATON","mg/mL",5,5,5,5,5,5,28,0,0
"HEM DURATION6","",31,65,85,94.6071428571429,100.5,270,28,3,0.1071
"OHSU IP R ORDERED ML/KG","mL/Kg",5,7,8,7.5,8,8,28,1,0.0357
"TODAY'S DOSE (MG)","",0,2.5,5,5.08928571428571,7.5,10,28,0,0
"R Y CHEST TUBE OUTPUT 1 AND 2 V2","mL",0,10,20,31.0714285714286,40,130,28,2,0.0714
"OHSU IP R PCA MORPHINE BASAL RATE","mL/hr",0,0,0,0.481481481481481,1,2,27,0,0
"OHSU IP R PCA ATTEMPTS NON-DUP","",0,1,6,17.2592592592593,13.5,107,27,4,0.1481
"OHSU IP R LIPIDS VOLUME","mL",5.8,14.57,31.6,32.9874074074074,45.555,87,27,0,0
"OHSU IP R VENT I TIME","sec",0.43,0.645,0.9,0.788148148148148,0.9,1,27,0,0
"OHSU IP R PCA HYDROMORPHONE AMOUNT GIVEN (MG OR MCG)","mg or mcg",0,0,2.4,6.10111111111111,7.45,29.3,27,3,0.1111
"OHSU IP R PCA DOSES DELIVERED NON-DUP","",0,1.25,4,6.80769230769231,9,29,26,1,0.0385
"OHSU IP R PCA MORPHINE AMOUNT GIVEN (MG OR MCG)","mg or mcg",0,0,3.1,12.4423076923077,18.725,82,26,1,0.0385
"OHSU IP R Y CHEST TUBE CT 2 OUTPUT V2","mL",0,10,27.5,39.2307692307692,57.5,160,26,1,0.0385
"OHSU IP R MPADSS TOTAL SCORE","",8,10,10,9.88461538461539,10,10,26,2,0.0769
"OHSU IP R TARGET VT","mL",398,436.5,488.95,498.073076923077,561.25,620.8,26,0,0
"FEELING TIRED OR HAVING LITTLE ENERGY","",0,2,2,2.07692307692308,3,3,26,3,0.1154
"OHSU IP R TUBE FEED RESIDUALS V2","mL",0,0,0,16.04,30,85,25,1,0.04
"OHSU IP R DILTIAZEM VOLUME","mL",0,2.67,5,4.6432,5,10,25,2,0.08
"OHSU IP R PED VENT % LEAK","%",0,1,2,12.28,9,99,25,3,0.12
"OHSU IP R IABP AFTERLOAD REDUCTION","mmHg",0,1,2,2.2,3,5,25,0,0
"OHSU IP R IABP ASSISTED SYSTOLIC","mmHg",62,89,92,95.64,105,120,25,1,0.04
"OHSU IP R RT PEP BREATH COUNT","breaths per set",5,10,10,9.54166666666667,10,10,24,3,0.125
"RETIRED - OHSU IP R CRRT PRESSURE DROP","",36,55.25,64.5,70.375,82.25,121,24,0,0
"OHSU IP R IABP UNASSISTED SYSTOLIC","mmHg",86,92,98,100.625,105.5,129,24,0,0
"OHSU IP R IP TPN VOLUME","mL",60,120,240,257.902608695652,371.67,667.33,23,0,0
"HEM DURATION8","",10,32.5,60,48.5652173913044,62.5,65,23,0,0
"OHSU IP R PCA MG MORPHINE LOCKOUT","min",6,6,6,6.65217391304348,7,8,23,0,0
"OHSU IP R VENT FLOW","",60,90,90,91.7391304347826,100,100,23,1,0.0435
"OHSU IP R CRRT TMP PRESSURE","",38,90,106,119.739130434783,155,259,23,1,0.0435
"OHSU IP R VENT PRESSURE HIGH","cm H2O",18,25,27.5,29.3181818181818,32,50,22,2,0.0909
"OHSU IP R RT PEP REPETITIONS","sets",1,2,3,2.54545454545455,3,3,22,0,0
"OHSU IP R PCA HYDROMORPHONE ATTEMPTS","",0,5,19,33.1904761904762,54,110,21,0,0
"OHSU IP R PCA MG MORPHINE DOSE CLEARED","mg",0,4,18,22.947619047619,42,55.9,21,0,0
"OHSU IP R STOOL OUTPUT","mL",0,75,125,206.428571428571,300,750,21,2,0.0952
"OHSU IP R PCA MORPHINE ATTEMPTS","",0,1,8,9.95238095238095,14,33,21,0,0
"RETIRED - OHSU IP R I/O REPLACEMENT (POST)","mL",53,189,194,181.904761904762,199,201,21,3,0.1429
"OHSU IP R VENT TIME HIGH","sec",1,4,4.3,4.09523809523809,4.5,6.5,21,6,0.2857
"OHSU IP R TUBE SIZE","Fr.",5,8,16,14.1190476190476,16,28,21,0,0
"RETIRED - OHSU IP R CRRT PT. FLUID REMOVAL (ACTUAL)","mL",1,105,111,117.857142857143,148,212,21,2,0.0952
"RETIRED - OHSU IP R PBP (REPLACEMENT)","mL",319,767,785,760.047619047619,799,801,21,1,0.0476
"OHSU IP R HEMODIALYSIS  UF (TOTAL)","mL",600,2050,2600,2877.5,3600,6300,20,1,0.05
"RETIRED - OHSU IP R CRRT FILTER PRESSURE 2","mmHg",134,146,168,176.35,198.75,249,20,0,0
"OHSU IP R VENT TIME LOW","sec",0,0.6,0.6,0.61,0.7,0.8,20,1,0.05
"RETIRED - OHSU IP R CRRT ACCESS PRESSURE 2","mmHg",-67,-60.25,-58,-57.65,-56.75,-46,20,3,0.15
"OHSU IP R PACU LOCATION","",3,21,27,24.95,33,38,20,0,0
"OHSU IP R % EATEN FOOD ITEM 4","%",0,28.75,50,56.75,80,100,20,0,0
"OHSU IP R PRBC VOLUME","",50,350,350,330.854,350,500,20,6,0.3
"OHSU IP R PACU NURSING TIER","",1,2,2,2.25,3,3,20,0,0
"OHSU IP R PCA TOTAL HYDROMORPHONE","mg",0,0.35,0.8,1.22631578947368,1.7,4.6,19,1,0.0526
"OHSU IP R PCA MG MORPHINE ATTEMPTS","",2,9,23,39.9473684210526,62,119,19,0,0
"OHSU IP R ASA","",2,2,3,2.68421052631579,3,4,19,0,0
"OHSU IP R HEMODIALYSIS  BLOOD VOLUME PROCESSED","L",39.7,85.2,89.2,85.7210526315789,90.9,107.4,19,5,0.2632
"OHSU IP R % EATEN FOOD ITEM 5","%",0,17.5,50,57.3684210526316,100,100,19,0,0
"OHSU IP R PCA MG MORPHINE BOLUS","mg",0,0,0,0,0,0,18,0,0
"OHSU IP R VENT TSYNCH % LOW","%",0,10,10,7.77777777777778,10,10,18,4,0.2222
"RETIRED - OHSU IP R DIALYSATE","mL",252,965.5,985.5,939.222222222222,998.5,1001,18,1,0.0556
"OHSU IP R HYDROMORPHONE DRIP VOLUME","mL",1,1.5,1.835,2.47722222222222,3.9175,4,18,0,0
"OHSU IP R DOSING WEIGHT CHANGE BPA","",0,0,0,0,0,0,18,0,0
"RETIRED - OHSU IP R EFFLUENT.2","mL",1922,2034.25,2082.5,2064.72222222222,2107.25,2170,18,0,0
"OHSU IP R SBT RT - RR 5MIN","bpm",11,15,17,19.8235294117647,22,37,17,2,0.1176
"OHSU IP R VENT PRESSURE LOW","cm H2O",0,0,0,17.7058823529412,0,300,17,3,0.1765
"RETIRED - OHSU IP R CRRT ULTRAFILTRATE","mL",257,1079,1108,1055.23529411765,1138,1171,17,2,0.1176
"OHSU IP R PORT HEPARIN FLUSH VOLUME V2","mL",5,5,5,5.29411764705882,5,10,17,1,0.0588
"OHSU IP R PCA MG MORPHINE BASAL RATE","mg/hr",0,0,0,0,0,0,17,0,0
"AMB R PHQ2 TOTAL","",0,0,0,0.176470588235294,0,1,17,3,0.1765
"RETIRED - OHSU IP R CRRT RETURN PRESSURE 2","mmHg",64,69,72,71.0588235294118,74,75,17,0,0
"OHSU IP R SBT RT - AVG VT 5MIN","",0.259,0.381,0.492,0.497176470588235,0.612,0.824,17,0,0
"RETIRED - OHSU IP R CRRT EFFLUENT PRESSURE 2","mmHg",-42,-4,7,1.76470588235294,18,21,17,1,0.0588
"OHSU IP R CCO","L/min",3.4,6.4,9.4,9.18823529411765,10.8,16.2,17,0,0
"OHSU IP R HEMODIALYSIS CHORINE.CHLORAMINE LEVEL","mg/L",0,0,0.01,0.010625,0.02,0.03,16,0,0
"OHSU IP R CISATRACURIUM VOLUME (ML)","mL",18.75,18.75,18.75,22.831875,18.75,56.25,16,3,0.1875
"OHSU IP R RT TRIGGER","L/Min",3,3,3,3,3,3,15,0,0
"OHSU IP R PCA HYDROMORPHONE CUMULATIVE 24 HR TOTAL (MG OR MCG)","mg or mcg",1.8,6.1,13.8,14.5846666666667,23.295,26.39,15,0,0
"OHSU IP R HEMODIALYSIS  OTHER","mL",0,0,0,186.666666666667,350,700,15,0,0
"RETIRED - OHSU IP R PORT SALINE FLUSH VOLUME","mL",10,15,20,20,25,30,15,0,0
"OHSU IP R PHENYLEPHRINE VOLUME (ML)","mL",0.1,1.2,4.54,4.71533333333333,7.685,11.36,15,0,0
"OHSU IP R CCI","L/min/m2",1.2,2.55,3.9,4.02,5.4,6.8,15,0,0
"OHSU IP R HEMODIALYSIS  PRIME POST","mL",500,500,600,566.666666666667,600,600,15,0,0
"OHSU IP R PCA MORPHINE CUMULATIVE 24 HR TOTAL (MG OR MCG)","mg or mcg",0,4.875,12,18.9857142857143,34.25,58.7,14,0,0
"CPM S12 ROW AS QT INTERVAL (SEC).ECG (ADULT, OB, PEDIATRIC)","",0.27,0.34,0.345,0.343571428571429,0.36,0.37,14,1,0.0714
"OHSU IP R RT CPAP","cmH2O",5,5,5,5.85714285714286,7.25,8,14,0,0
"OHSU IP R HEMODIALYSIS  NET UF","mL",0,1000,2500,2142.85714285714,3000,5000,14,0,0
"OHSU IP R HEMODIALYSIS  PRIME OTHER POST","mL",0,0,475,382.142857142857,675,1100,14,0,0
"OHSU IP R HEMODIALYSIS DIALYSATE PH","",6.9,7.025,7.2,7.14285714285714,7.2,7.4,14,0,0
"AMB R REH AMPAC DAILY ACTIVITY TOTAL SCORE","",14,15.25,16.5,17.8571428571429,20,24,14,0,0
"OHSU IP R EPIDURAL DEMAND DOSE NON-DUP","",2,2.25,3,2.71428571428571,3,3,14,0,0
"OHSU IP R PATIENT BELONGINGS: 20 DOLLAR","",0,0,1,1.23076923076923,2,5,13,0,0
"OHSU IP R VENT CSTAT","ml/cmH2O",15,23,31,35.2307692307692,33,81,13,2,0.1538
"OHSU IP R PAIN NUMERIC SCORE 3","",0,1,3,2.76923076923077,4,6,13,0,0
"RETIRED - OHSU IP R LDA PA CATHETER CM TO HUB","cm",45,50,50,49.6153846153846,50,50,13,1,0.0769
"CPM S12 ROW AS QRS INTERVAL (SEC).ECG (ADULT, OB, PEDIATRIC)","",0.08,0.08,0.08,0.0853846153846154,0.08,0.11,13,3,0.2308
"OHSU IP R EPINEPHRINE ML","",5.87,6.12,6.76,7.06076923076923,7.8,9.84,13,0,0
"OHSU IP R SBT RT - RSBI 5MIN","",22.26,27.12,39.63,48.6876923076923,48.35,131,13,2,0.1538
"OHSU IP R CBG RESULT","",87,94,96,98.0769230769231,99,119,13,2,0.1538
"OHSU IP PRBC VOLUME","ml",150,350,350,357.692307692308,350,700,13,3,0.2308
"OHSU IP R SBT RT - VE 5MIN","lpm",5.4,7.6,8.8,9.13846153846154,10.5,14,13,0,0
"OHSU IP R PCA MG MORPHINE DOSES GIVEN","",0,12.25,29,23.4166666666667,30.5,45,12,0,0
"OHSU IP R HEMODILAYSIS NET UF (CALC)","",-599,1027.5,2005,1620.91666666667,2467.5,3000,12,0,0
"OHSU IP R HEMODIALYSIS  PRIME","mL",500,500,600,566.666666666667,600,600,12,0,0
"OHSU IP R HEMODIALYSIS: NET UF NEGATIVE","",0,1875,2205,2090,2752.5,3000,12,1,0.0833
"OHSU IP R PATIENT BELONGINGS NUMBER OF BAGS","",0,0.75,1,1.16666666666667,2,3,12,0,0
"OHSU IP R HEMODIALYSIS  TOTAL UF REMOVED","mL",600,1800,2580,2280.91666666667,3000,3600,12,0,0
"R CATHETER BALLOON SIZE","mL",5,10,10,10.8333333333333,10,30,12,3,0.25
"OHSU IP R SBT 30MIN AVG VT","L",0.285,0.419,0.5,0.501363636363636,0.587,0.7,11,0,0
"SLEEP","",0,1,3,4,7,10,11,0,0
"CPM S12 ROW AS PR INTERVAL (SEC).ECG (ADULT, OB, PEDIATRIC)","",0.12,0.125,0.16,0.16,0.19,0.2,11,0,0
"OHSU IP R % EATEN FOOD ITEM 6","%",0,0,20,45,100,100,11,0,0
"NORMAL WORK","",2,4,7,6.72727272727273,9,10,11,0,0
"OHSU IP R NUMBER OF ATTEMPTS NUMERIC","",1,1,1,1.27272727272727,1.5,2,11,0,0
"OHSU IP R Y CHEST TUBE CT 1 OUTPUT V2","mL",0,10,15,42.4545454545455,33.5,200,11,2,0.1818
"LEAST IN 24 HOURS","",1,2.5,3,5.27272727272727,9,9,11,0,0
"AVERAGE","",3,5,6,6,7,9,11,0,0
"OHSU IP R WOUND IRRIGATION INPUT V2","mL",0,0,10,7.27272727272727,10,30,11,1,0.0909
"OHSU IP R SBT RT - RR 30MIN","bpm",9,11.25,14,16.9,21,34,10,0,0
"RETIRED - OHSU IP R LDA ART LINE BLOOD DRAWN VOLUME","mL",3,3,4.5,5.3,6.75,10,10,0,0
"OHSU IP R EPIDURAL ATTEMPTS NON-DUP","",0,0,1,2.8,2.75,15,10,1,0.1
"OHSU IP R IMPELLA FLOW L/MIN","L/min",3.3,3.4,3.4,3.4,3.4,3.6,10,3,0.3
"OHSU IP R EPIDURAL LOCKOUT NON-DUP","min",15,15,15,16.5,18.75,20,10,0,0
"WORST IN 24 HOURS","",1,6.25,8.5,7.6,10,10,10,0,0
"RETIRED - OHSU IP R STRAIGHT CATH SIZE","fr",12,14,15,109,15.75,725,10,2,0.2
"OHSU IP R OPTIMAL HOURS FEEL RESTED","hr",4,4.5,6,5.9,6.75,8,10,0,0
"OHSU IP R PATIENT BELONGINGS: 1 DOLLAR","",0,0,0.5,2.4,3,12,10,1,0.1
"OHSU IP R SBT RT - RSBI 30MIN","",12.86,20.28,33.775,35.852,45.8675,71.02,10,0,0
"GENERAL ACTIVITY","",3,5,7,6.55555555555556,8,10,9,0,0
"MOOD","",0,1,5,4.55555555555556,8,10,9,0,0
"OHSU IP R ARGATROBAN VOLUME (ML)","mL",4.06,5.08,7.62,96.8111111111111,13.59,516.54,9,2,0.2222
"OHSU IP R EPIDURAL DOSES DELIVERED NON-DUP","",0,1,3,12.7777777777778,26,51,9,0,0
"HR","",71,76,79,81.4444444444444,83,105,9,1,0.1111
"OHSU IP R PCA HYDROMORPHONE VOLUME","mL",3,5.2,16,25.4,46,50,9,0,0
"RESP","",11,15,17,17.2222222222222,20,22,9,0,0
"OHSU IP R % EATEN FOOD ITEM 7","%",0,50,80,64.4444444444444,100,100,9,0,0
"WALKING ABILITY","",4,5,7,6.77777777777778,8,10,9,0,0
"OHSU IP R NGT OUTPUT V2","mL",0,100,100,250,400,700,9,0,0
"RETIRED - OHSU IP R PORT HEPARIN FLUSH VOLUME","mL",5,5,5,5,5,5,9,0,0
"OHSU IP R LDA EXT PACEMAKER RATE V2","bpm",80,80,80,80,80,80,9,0,0
"OHSU IP R SBT RT - VE 30MIN","lpm",5.5,7.3,8.5,8.18888888888889,8.6,10.7,9,1,0.1111
"OHSU IP R LDA EXT PACEMAKER VENTRICLE OUTPUT MA V2","",5,5,5,5.55555555555556,5,8,9,2,0.2222
"OHSU IP R LDA EXT PACEMAKER VENTRICLE SENSITIVITY MV V2","",0.8,0.8,0.8,0.8,0.8,0.8,8,0,0
"OHSU IP R IMPELLA PURGE PRESSURE MMHG","mmHg",489,495.75,501.5,507.75,525.25,528,8,0,0
"OHSU R ANE PRBC UNITS","Units",1,1,1,1.125,1,2,8,1,0.125
"OHSU IP R EPIDURAL VOLUME REMAINING NON-DUP","mL",238.4,276.325,322.75,326.3625,371.925,447,8,0,0
"OHSU IP R VENT ALARM APNEA INTERVAL","secs",15,20,20,23.125,30,30,8,0,0
"SEXUAL ACTIVITY","",0,0,10,6.25,10,10,8,0,0
"ENJOYMENT OF LIFE","",4,7.25,9,8.125,10,10,8,0,0
"RETIRED - OHSU IP R CENTRAL LINE FRENCH","Fr",5,5,5,5.625,5.5,8,8,1,0.125
"OHSU IP R RT DRIVING PRESSURE","cm H2O",-3,14.5,15.5,13.125,16,17,8,1,0.125
"RELATIONS WITH OTHERS","",0,0,1,2.625,4.25,10,8,0,0
"OHSU IP R VENT EPAP","cm H2O",5,8,8,7.875,8,10,8,2,0.25
"GAD BEING SO RESTLESS THAT IT IS HARD TO SIT STILL","",0,0,0.5,0.875,2,2,8,0,0
"OHSU IP R VENT TSYNC % HIGH","%",0,10,10,9.375,10,15,8,2,0.25
"RIGHT NOW","",2,5,6,5.71428571428571,7,8,7,0,0
"OHSU IP R RT BH TREATMENTS: METANEB DURATION","min",10,10,10,10,10,10,7,0,0
"RAPID 3","",3.57,4.92,6.27,5.91571428571429,7,7.73,7,0,0
"OHSU IP R CRRT PD PRESSURE","",37,39.5,65,107.571428571429,150,272,7,0,0
"OHSU IP R NICARDIPINE VOLUME (ML)","mL",0,4.275,12.5,9.25714285714286,12.5,18.75,7,0,0
"OHSU IP R CM EXPOSED CVC V2","cm",1,3,5,4.42857142857143,6,7,7,0,0
"OHSU IP R RT INCENTIVE SPIROMETRY TOTAL BREATHS","breaths per set",3,5,10,7.57142857142857,10,10,7,0,0
"OHSU IP R ADULT CRRT EFFLUENT PRESSURE","mmHg",64,68,70,72.2857142857143,70,96,7,2,0.2857
"OHSU IP R MAGNESIUM VOLUME (ML)","mL",14.3,19.65,25,39.2942857142857,31.25,133.96,7,1,0.1429
"OHSU IP R IMPELLA PURGE INFUSION RATE","ml/hr",9.8,9.8,9.8,9.8,9.8,9.8,7,0,0
"OHSU IP R IMPELLA PLACEMENT SIGNAL","mmHg",80,81.5,83,112.428571428571,86.5,288,7,1,0.1429
"OHSU IP R ADULT CRRT RETURN PRESSURE","mmHg",97,99.5,103,105.142857142857,109,119,7,0,0
"OHSU IP R VENT IPAP","cm H2O",10,13,14,13.1428571428571,14,14,7,1,0.1429
"OHSU IP R ADULT CRRT FILTER PRESSURE","mmHg",142,166.5,190,242.142857142857,309,412,7,0,0
"OHSU IP R PATIENT BELONGINGS: 5 DOLLAR","",0,0,0,0.333333333333333,0.75,1,6,0,0
"AMB R SHIM TOTAL","",5,5,5,8.83333333333333,9.5,22,6,1,0.1667
"OHSU IP R RT INCENTIVE SPIROMETRY TOTAL REPS","sets",1,1,1.5,2.16666666666667,2,6,6,1,0.1667
"OHSU IP R IMPELLA CATHETER LENGTH CM","cm",81,81,81,81.5,81,84,6,1,0.1667
"GAD TOTAL SCORE","",0,4.5,7.5,8.83333333333333,13.5,19,6,0,0
"RETIRED - OHSU IP R CM EXPOSED CVC","cm",0,0,0,16.6666666666667,36,52,6,0,0
"OHSU IP R INCENTIVE SPIROMETRY ML","mL",800,1000,1125,1175,1437.5,1500,6,0,0
"RETIRED - OHSU IP R RECTAL TUBE OUTPUT","mL",0,0,0,0,0,0,6,0,0
"OHSU IP R PCA HYDROMORPHONE VOLUME INFUSED I/O","",0,0,0,1.36666666666667,2.1,5.4,6,0,0
"OHSU IP R PEDIATRIC EPINEPHRINE DOSING","mg",0.59,0.6075,0.655,0.675,0.74,0.79,6,0,0
"OHSU IP R RT DESAT EVAL DYSPNEA INDEX AFTER","",0,3.25,4.5,4.16666666666667,5,8,6,0,0
"AMB R AUA BPH TOTAL SYMPTOM SCORE","",0,7.25,11.5,14.1666666666667,19.5,34,6,0,0
"% RELIEF (MED/TREAT)","",0,0.25,10.5,16.8333333333333,27.5,50,6,0,0
"OHSU IP R RT DESAT EVAL SAT ON RA AT REST","%",86,86,86.5,88.6666666666667,91.5,94,6,0,0
"OHSU R ANE PLASMA UNITS","Units",1,1,1,1.2,1,2,5,1,0.2
"OHSU IP R EPIDURAL DEMAND VOLUME","mL",0,0,3,30,63,84,5,0,0
"CPM S12 ROW INV KNEE FLEXION SETTING (DEGREES).CPM (ADULT, OB, PEDIATRIC)","",30,40,40,42,40,60,5,2,0.4
"OHSU IP R HEMODIALYSIS VENOUS VOLUME","mL",1.4,2,2,1.88,2,2,5,1,0.2
"OHSU IP R PATIENT BELONGINGS: CHANGE","",0,0,0,10.1,0.5,50,5,1,0.2
"OHSU IP R PRE BLOOD PUMP PBP","mL/min",800,800,800,800,800,800,5,0,0
"OHSU IP R LIDOCAINE VOLUME (ML)","mL",7.5,7.5,7.5,17.448,7.5,57.24,5,1,0.2
"OHSU IP R % EATEN FOOD ITEM 9","%",0,5,50,51,100,100,5,0,0
"OHSU IP R RT DESAT EVAL SAT ON RA AMBULATE","%",86,86,88,89.4,91,96,5,0,0
"OHSU IP R % EATEN FOOD ITEM 8","%",0,0,0,40,100,100,5,0,0
"OHSU IP R NUMBER UP DURING NIGHT","",1,2,2,2.2,3,3,5,0,0
"OHSU IP R PATIENT BELONGINGS: 10 DOLLAR","",0,0,1,1,2,2,5,0,0
"OHSU IP R DIALYSATE FLOW RATE","mL/hr",1000,1000,1000,1000,1000,1000,5,0,0
"AMB R CAR HEARTWARE PULSATILITY","L/min",5,5,5,5.6,6,7,5,0,0
"OHSU IP R RT CDYN/KG","ml/cm/kg",0.2,0.2,0.3,0.56,0.9,1.2,5,0,0
"RETIRED - OHSU IP R LDA EXT PACEMAKER VENTRICLE OUTPUT MA","",4,4,4,4,4,4,5,0,0
"OHSU IP R INTRAABDOMINAL PRESSURE","",28,29.5,30.5,30.75,31.75,34,4,0,0
"OHSU IP R USUAL NAP LENGTH","hr",1,1,1.5,3.5,4,10,4,0,0
"OTHER OUTPUT","mL",120,1155,1600,1580,2025,3000,4,0,0
"OHSU IP R IMPELLA PURGE HEPARIN DOSE","units/hr",0,337.5,475,362.5,500,500,4,0,0
"OHSU IP R RT DESAT EVAL DYSPNEA INDEX BEFORE","",0,0,1,1.75,2.75,5,4,0,0
"GAD WORRYING TOO MUCH","",3,3,3,3,3,3,4,0,0
"OHSU IP R ADULT CRRT ACCESS PRESSURE","mmHg",-68,-63.5,-61,-61,-58.5,-54,4,0,0
"RETIRED - OHSU IP R VENTRICULAR SENSITIVITY SENSITIVITY MV","MV",10,10,10,10,10,10,4,0,0
"RETIRED - OHSU IP R CENTRAL LINE MEASUREMENT","cm",3,4.5,13.5,18.5,27.5,44,4,0,0
"RETIRED - OHSU IP R VENTRICULAR CAPTURE THRESHOLD MA","MA",1.5,1.5,1.5,1.625,1.625,2,4,0,0
"GAD FEELING NERVOUS, ANXIOUS","",2,2.75,3,2.75,3,3,4,0,0
"OHSU IP R VENTRICULAR CAPTURE THRESHOLD MA V2","MA",2.5,2.5,2.5,2.5,2.5,2.5,4,0,0
"RETIRED - OHSU IP R LDA EXT PACEMAKER VENTRICLE SENSITIVITY MV","",5,5,5,5,5,5,4,0,0
"RETIRED - OHSU IP R CM EXPOSED","cm",5,5,5.5,5.75,6.25,7,4,0,0
"OHSU IP R RT DESAT EVAL RATE OF O2 AMBULATE","LPM",1.5,1.875,2,2,2.125,2.5,4,0,0
"CPM S12 ROW PRO NUMBER OF STAIRS TO ENTER HOME (ADULT, PEDIATRIC)","",0,0.75,2.5,3.25,5,8,4,0,0
"OHSU IP R CRRT PT. FLUID REMOVAL (ACTUAL) V2","mL",60,61.5,87.5,89,115,121,4,0,0
"OHSU IP R PATIENT BELONGINGS 5 DOLLAR","",0,0,0,0,0,0,4,0,0
"GAD NOT ABLE TO STOP/CONTROL WORRYING","",0,0.75,2,1.75,3,3,4,0,0
"GAD BECOMING EASILY ANNOYED OR IRRITABLE","",0,2.25,3,2.25,3,3,4,0,0
"RETIRED - OHSU IP R CATHETER OUT MEASUREMENT","",5,8,9.5,17,18.5,44,4,0,0
"OHSU IP R PLASMA VOLUME","",220,252.25,272.5,270,290.25,315,4,0,0
"OHSU IP R PATIENT BELONGINGS 10 DOLLAR","",0,0,1,1,2,2,4,0,0
"AMB IMC SLUMS QUESTION 4","",0,0.75,1.5,1.5,2.25,3,4,0,0
"OHSU OP R RBC TRANSFUSION RATE","ml/Hr",0,90,170,140,220,220,4,0,0
"OHSU IP R RT DESAT EVAL RATE OF O2 AT REST","LPM",2,2,2,2.125,2.125,2.5,4,0,0
"RETIRED - OHSU IP R LDA EXT PACEMAKER ATRIA SENSITIVITY MV","mV",0,0,0,0,0,0,4,0,0
"OHSU IP R RT RAMP TIME","min",0,15,20,17.5,22.5,30,4,0,0
"CPM S12 ROW INV KNEE EXTENSION SETTING (DEGREES).CPM (ADULT, OB, PEDIATRIC)","",0,30,60,40,60,60,3,0,0
"OHSU IP R PCA MCG FENTANYL BASAL RATE","mcg/hr",0,0,0,6.66666666666667,10,20,3,0,0
"OHSU R ANE PLATLET UNITS","Units",1,1,1,1,1,1,3,0,0
"AMB IMC SLUMS QUESTION 10","",6,7,8,7.33333333333333,8,8,3,0,0
"CARD - PACEMAKER - PACER: RATE","",60,63.5,67,64.6666666666667,67,67,3,0,0
"OHSU IP R CRRT FLUID BALANCE GOAL","mL/hr",-25,12.5,50,25,50,50,3,0,0
"OHSU IP R MIDAZOLAM VOLUME (ML) INCREMENTAL DOSE","mL",1,1,1,1,1,1,3,0,0
"OTHER INTAKE","mL",80,265,450,326.666666666667,450,450,3,0,0
"AMB R CAR REHAB NUSTEP INTENSITY AVERAGE WATTS","Average Watts",26,28,30,28.6666666666667,30,30,3,0,0
"OHSU IP R RT DESAT EVAL SAT ON O2 AMBULATE","%",90,90.5,91,91,91.5,92,3,0,0
"PT - GAIT SKILLS - GAIT DISTANCE","ft",15,157.5,300,271.666666666667,400,500,3,0,0
"OHSU IP R PCA TOTAL FENTANYL","mcg",40,50,60,66.6666666666667,80,100,3,0,0
"RETIRED - OHSU IP R LDA SHEATH BLOOD DRAWN VOLUME","mL",5,5.5,6,7,8,10,3,0,0
"AMB R CAR BIVAD DOPPLER PRESSURE","mmHg",90,92,94,93.3333333333333,95,96,3,0,0
"OHSU IP R LDA VAD VELOUR EXPOSED","cm",0,0,0,0,0,0,3,0,0
"RETIRED - OHSU IP R ATRIAL CAPTURE THRESHOLD MA","MA",0,0,0,0,0,0,3,0,0
"OHSU IP R VENT INSPIRATORY TIME","",0.43,0.715,1,0.81,1,1,3,0,0
"AMB R CAR HCM ECHO E","",80,104,128,113.666666666667,130.5,133,3,0,0
"CPM F09 ROW AS SC PAIN FLACC SCORE: ACTIVITY","",4,4.5,5,5,5.5,6,3,0,0
"OHSU R ANE CELL SAVER VOLUME","mL",94,228,362,364.666666666667,500,638,3,0,0
"OHSU IP R VENTRICULAR SENSITIVITY SENSITIVITY MV V2","MV",7,7,7,7,7,7,3,0,0
"OHSU IP R HEMODIALYSIS ARTERIAL VOLUME","mL",1.3,1.65,2,1.76666666666667,2,2,3,0,0
"OHSU IP R REPLACEMENT FLOW RATE  ( POST)","mL/hr",200,200,200,200,200,200,3,0,0
"AMB IMC SLUMS QUESTION 9","",2,2,2,2,2,2,3,0,0
"AMB R CAR HCM LA DIMENSION","",3.8,3.85,3.9,4.1,4.25,4.6,3,0,0
"OHSU IP R CRRT BLOOD FLOW RATE 2","mL/min",200,200,200,200,200,200,3,0,0
"AMB IMC SLUMS QUESTION 2","",1,1,1,1,1,1,3,0,0
"OHSU IP R HEPARIN IMPELLA INTAKE VOLUME","mL",10,10,10,10,10,10,3,0,0
"OHSU IP R ADULT CRRT WARMING DEVICE V2","Celsius",39,39,39,39,39,39,3,0,0
"OHSU IP R VENT PC SET","cm H2O",12,13,14,13.3333333333333,14,14,3,0,0
"REHAB AMB R QUICK DASH DISABILITY/SYMPTOM PRELIM SCORE","",17,24.25,31.5,31.5,38.75,46,2,0,0
"OHSU IP R FLACC SCORE","",0,1.75,3.5,3.5,5.25,7,2,0,0
"RETIRED - OHSU IP R ATRIAL SENSITIVITY THRESHOLD MV","MV",0,0,0,0,0,0,2,0,0
"OHSU R ANE POC ABG ELECTROLYTE K","",3.9,4.025,4.15,4.15,4.275,4.4,2,0,0
"CPM S12 ROW AS SC PAINAD SCORE (ADULT, OB)","",4,4,4,4,4,4,2,0,0
"AMB R NEURO ABC SCALE WALKING ON SLIPPERY FLOORS","",50,52.5,55,55,57.5,60,2,0,0
"AMB R CEI OCT OS CENTRAL MACULAR THICKNESS","",317,338.25,359.5,359.5,380.75,402,2,0,0
"OHSU R FENTANYL VOLUME (ML) INCREMENTAL DOSE","mL",1,1,1,1,1,1,2,0,0
"OHSU IP R % EATEN FOOD ITEM 10","%",100,100,100,100,100,100,2,0,0
"RETIRED - OHSU IP R LDA EXT PACEMAKER ATRIA OUTPUT MA","mA",0,0,0,0,0,0,2,0,0
"AMB R CEI OCT OD CENTRAL MACULAR THICKNESS","",218,229.5,241,241,252.5,264,2,0,0
"OHSU IP R RT DESAT EVAL SAT ON O2 AT REST","%",91,92.25,93.5,93.5,94.75,96,2,0,0
"RETIRED - OHSU IP R LDA SHEATH SALINE FLUSH VOLUME","mL",3,3,3,3,3,3,2,0,0
"AMB R NEURO ABC SCALE TOTAL SCORE","",86,86.25,86.5,86.5,86.75,87,2,0,0
"AMB R CAR HEARTWARE PULSATILITY TROUGH","L/min",4,4.25,4.5,4.5,4.75,5,2,0,0
"OHSU R ANE POC ABG ELECTROLYTE ICA","",1.16,1.1675,1.175,1.175,1.1825,1.19,2,0,0
"AMB IMC SLUMS QUESTION 5","",3,3,3,3,3,3,2,0,0
"OHSU IP R PCA VOLUME REMAINING NON-DUP","mL",38.6,39.7,40.8,40.8,41.9,43,2,0,0
"AMB R CAR HCM ECHO PWTD","",8,9.25,10.5,10.5,11.75,13,2,0,0
"OHSU IP R GLASCOW COMA SCALE TOTAL","",15,15,15,15,15,15,2,0,0
"HEM DURATION9","1",90,90,90,90,90,90,2,0,0
"OHSU IP R PATIENT BELONGINGS CHANGE","",0,0,0,0,0,0,2,0,0
"OHSU IP R PLATELET VOLUME","mL",150,186.5,223,223,259.5,296,2,0,0
"OHSU IP R KETAMINE VOLUME (ML)","mL",0.5,0.665,0.83,0.83,0.995,1.16,2,0,0
"AMB R IMC STEADI FALLS PAST YEAR","",0,0,0,0,0,0,2,0,0
"OHSU IP R PATIENT BELONGINGS 1 DOLLAR","",0,0,0,0,0,0,2,0,0
"HEM DURATION13","",80,90,100,100,110,120,2,0,0
"GAD FEELING AFRAID / SOMETING AWFUL MAY HAPPEN","",1,1.5,2,2,2.5,3,2,0,0
"AMB R REHAB NECK DISABILITY INDEX TOTAL","",13,14,15,15,16,17,2,0,0
"OHSU IP R SBT HOB DEGREES","degrees",30,32.5,35,35,37.5,40,2,0,0
"OHSU IP R BLADDER IRRIGATION INPUT V2","mL",55,60,65,65,70,75,2,0,0
"OHSU IP R HEMODIALYSIS: NET UF POSITIVE","",0,122.75,245.5,245.5,368.25,491,2,0,0
"GAD HAVING TROUBLE RELAXING","",2,2.25,2.5,2.5,2.75,3,2,0,0
"ANE R TV TIMES 8","",360,361,362,362,363,364,2,0,0
"HEM DURATION7","",120,127.5,135,135,142.5,150,2,0,0
"AMB R REH NECK DIS/IMPAIR FROM SUM MCID 18%","%",26,30,34,34,38,42,2,0,0
"OHSU IP R FEEDING TUBE SIZE NUMERIC","",18,18.5,19,19,19.5,20,2,0,0
"ANE R TV TIMES 6","",450,453,456,456,459,462,2,0,0
"OHSU IP R IRRIGATION OUT","mL",400,400,400,400,400,400,2,0,0
"OHSU IP R PATIENT BELONGINGS 20 DOLLAR","",0,0.5,1,1,1.5,2,2,0,0
"AMB IMC SLUMS QUESTION 1","",1,1,1,1,1,1,2,0,0
"AMB R REHAB OSWESTRY % DIS/IMPAIR FROM SUM MCID","%",30,30,30,30,30,30,2,0,0
"AMB R CAR HCM ECHO LA VOLUME","",28,42.5,57,57,71.5,86,2,0,0
"OHSU IP R ITBV","",1562,1601.5,1641,1641,1680.5,1720,2,0,0
"R ESAS ANXIETY","",5,5.75,6.5,6.5,7.25,8,2,0,0
"OHSU IP R Y CHEST TUBE CT 3 OUTPUT V2","mL",0,0,0,0,0,0,2,0,0
"AMB IMC SLUMS QUESTION 6","",4,4.25,4.5,4.5,4.75,5,2,0,0
"OHSU IP R PCA MCG FENTANYL BOLUS","mcg",0,6.25,12.5,12.5,18.75,25,2,0,0
"OHSU IP R RT NITRIC OXIDE CHALLENGE CONCENTRATION","PPM",40,40,40,40,40,40,1,0,0
"AMB IMC SLUMS QUESTION 7","",1,1,1,1,1,1,1,0,0
"AMB R NEURO ABC SCALE GETTING IN/OUT OF A CAR/TRANSPORT","",100,100,100,100,100,100,1,0,0
"CPM S12 ROW INV CHEST PAIN RESPONSE TO INTERVENTION (RATING 0-10) (ADULT, OB, PEDIATRIC)","",0,0,0,0,0,0,1,0,0
"AMB R NEURO ABC SCALE WALKING AROUND THE HOUSE","",90,90,90,90,90,90,1,0,0
"AMB R SYMPTOM ASSESSMENT CONSTIPATION","",0,0,0,0,0,0,1,0,0
"OHSU IP R Y CHEST TUBE SIZE 3","Fr.",19,19,19,19,19,19,1,0,0
"OHSU IP ORAL CONTRAST VOLUME RECEIVED","mL",30,30,30,30,30,30,1,0,0
"AMB R TXC FRAILTY SCORE EXHAUSTION","",1,1,1,1,1,1,1,0,0
"OHSU IP R PCA HYDROMORPHONE (0.5MG/ML) ADULT NUMBER OF DOSES GIVEN","",6,6,6,6,6,6,1,0,0
"AMB R SCAT DIFFICULTY REMEMBERING","",1,1,1,1,1,1,1,0,0
"OHSU IP R GAST TUBE PLACEMENT CM","Cm",70,70,70,70,70,70,1,0,0
"REHAB AMB R QUICK DASH DISABILITY/SYMPTOM SCORE","%",13.64,13.64,13.64,13.64,13.64,13.64,1,0,0
"OHSU IP R PCA MCG FENTANYL LOCKOUT","min",8,8,8,8,8,8,1,0,0
"AMB IMC SLUMS QUESTION 3","",1,1,1,1,1,1,1,0,0
"BEACON PATIENT ACUITY","",1152,1152,1152,1152,1152,1152,1,0,0
"OHSU IP R INTRA-SEDATION INCREMENTAL PROPOFOL DOSE","",5,5,5,5,5,5,1,0,0
"AMB R NEURO ABC SCALE SWEEPING THE FLOOR","",95,95,95,95,95,95,1,0,0
"AMB R TXC FRAILTY SCORE WEAKNESS","",1,1,1,1,1,1,1,0,0
"OHSU IP G REHAB: DYNAMIC GAIT INDEX TOTAL","",15,15,15,15,15,15,1,0,0
"AMB R SCAT DROWSINESS","",2,2,2,2,2,2,1,0,0
"OHSU IP R NOREPINEPHRINE K CONSTANT","",0.006,0.006,0.006,0.006,0.006,0.006,1,0,0
"ANE R IBW","",45,45,45,45,45,45,1,0,0
"AUDIT TOTAL","",1,1,1,1,1,1,1,0,0
"AMB R IMC STEADI SELF RISK TOTAL SCORE","",0,0,0,0,0,0,1,0,0
"AMB R CEI HVF OS PSD","",7.11,7.11,7.11,7.11,7.11,7.11,1,0,0
"OHSU IP R PAIN NUMERIC SCORE 4","",2,2,2,2,2,2,1,0,0
"AMB R CEI HVF OS MD","",-4.07,-4.07,-4.07,-4.07,-4.07,-4.07,1,0,0
"OHSU IP R PCA MCG FENTANYL DOSE CLEARED","mcg",723,723,723,723,723,723,1,0,0
"OHSU IP R PAIN NUMERIC SCORE 5","",0,0,0,0,0,0,1,0,0
"OHSU R ANE POC ABG ELECTROLYTE GLU","",119,119,119,119,119,119,1,0,0
"OHSU IP R RT EXH MAND VT - ML/KG","mL/kg",0,0,0,0,0,0,1,0,0
"AMB R NEURO ABC SCALE WALKING OUTSIDE TO A NEARBY CAR","",100,100,100,100,100,100,1,0,0
"OHSU IP R RT PFT FEV1 LPM","Lpm",2.07,2.07,2.07,2.07,2.07,2.07,1,0,0
"AMB R CAR HCM ECHO E'","",3,3,3,3,3,3,1,0,0
"OHSU IP R PCA HYDROMORPHONE (0.5MG/ML) ADULT CUMULATIVE INTAKE","mL",0.4,0.4,0.4,0.4,0.4,0.4,1,0,0
"OHSU R ANE POC ABG BE","",-1.9,-1.9,-1.9,-1.9,-1.9,-1.9,1,0,0
"AMB R NEURO ABC SCALE WALKING ACROSS A PARKING LOT","",100,100,100,100,100,100,1,0,0
"AMB R TXC FRAILTY SCORE SLOW SPEED WALKING","",1,1,1,1,1,1,1,0,0
"OHSU IP R PCA HYDROMORPHONE (0.5MG/ML) ADULT NUMBER OF ATTEMPTS","",6,6,6,6,6,6,1,0,0
"AMB R REHAB QUESTIONNAIRE TOTAL","",15,15,15,15,15,15,1,0,0
"OHSU IP R NUTRITION BMI","",59.1,59.1,59.1,59.1,59.1,59.1,1,0,0
"OHSU IP R PATIENT BELONGINGS ENVELOPE #","",8969104,8969104,8969104,8969104,8969104,8969104,1,0,0
"OHSU IP R PATIENT BELONGINGS: SENT HOME 20 DOLLAR","",0,0,0,0,0,0,1,0,0
"AMB R IIQ-7 SCORE","",14,14,14,14,14,14,1,0,0
"AMB R SCAT FEELING DINGED OR DAZED","",2,2,2,2,2,2,1,0,0
"AMB R SCAT MORE EMOTIONAL THAN USUAL","",1,1,1,1,1,1,1,0,0
"AMB R NEURO ABC SCALE REACHING WHILE ON YOUR TIPTOES","",100,100,100,100,100,100,1,0,0
"OHSU IP R NITROGLYCERIN K CONSTANT","",0.039,0.039,0.039,0.039,0.039,0.039,1,0,0
"OHSU R ANE N2O FLOW RATE","l/min",0,0,0,0,0,0,1,0,0
"OHSU IP R OAG TOTAL","",13,13,13,13,13,13,1,0,0
"OHSU IP R VENT FIO2","%",2,2,2,2,2,2,1,0,0
"OHSU IP R PATIENT BELONGINGS; SENT HOME 1 DOLLAR","",0,0,0,0,0,0,1,0,0
"OHSU IP R PCA MG HYDROMORPHONE REMAINING VOLUME","mL",47,47,47,47,47,47,1,0,0
"AMB R REH SPPB TOTAL SCORE","",6,6,6,6,6,6,1,0,0
"AMB R NEURO ABC SCALE PICKING UP SOMETHING FROM THE FLOOR","",90,90,90,90,90,90,1,0,0
"OHSU R ANE PRBC VOLUME","ml",300,300,300,300,300,300,1,0,0
"OHSU IP R OXYGEN FLOW RATE","l/min",2.5,2.5,2.5,2.5,2.5,2.5,1,0,0
"OHSU IP R GI: TOTAL ROOM TIME","minutes",25,25,25,25,25,25,1,0,0
"OHSU R ANE POC ABG ELECTROLYTE HGB","",8.6,8.6,8.6,8.6,8.6,8.6,1,0,0
"AMB R SCAT BALANCE PROBLEMS OR DIZZY","",2,2,2,2,2,2,1,0,0
"AMB R SCAT VISION PROBLEMS","",1,1,1,1,1,1,1,0,0
"AMB R SCAT SLEEPING MORE THAN USUAL","",1,1,1,1,1,1,1,0,0
"AMB R TXC FRAILTY SCORE LOW ACTIVITY","",1,1,1,1,1,1,1,0,0
"OHSU R ANE POC ABG PH","",7.41,7.41,7.41,7.41,7.41,7.41,1,0,0
"CPM S12 ROW PRO NUMBER OF STAIRS WITHIN HOME (ADULT, PEDIATRIC)","",0,0,0,0,0,0,1,0,0
"OHSU IP R BREAST FEEDING DURATION","min",600,600,600,600,600,600,1,0,0
"AMB R FIRM SURFACE TANDEM EYES","",2,2,2,2,2,2,1,0,0
"AMB R SCAT TOTAL SYMPTOM SCORE","",51,51,51,51,51,51,1,0,0
"AMB R AQ DAST TOTAL","",0,0,0,0,0,0,1,0,0
"AMB R REH SPPB BALANCE SCORE","",3,3,3,3,3,3,1,0,0
"R ANE POC ABG PCO2","",49,49,49,49,49,49,1,0,0
"OHSU IP R INTRA-SEDATION OTHER INCREMENTAL DOSING","",12.5,12.5,12.5,12.5,12.5,12.5,1,0,0
"DIZZINESS HANDICAP INVENTORY TL SCR","",8,8,8,8,8,8,1,0,0
"AMB R NEURO ABC SCALE WALKING UP AND DOWN STAIRS","",80,80,80,80,80,80,1,0,0
"OHSU IP R VENT CSTAT/KG","ml/cmH2O/kg",2.2,2.2,2.2,2.2,2.2,2.2,1,0,0
"OHSU R ED TRAUMA BAND NUMBER","",216251,216251,216251,216251,216251,216251,1,0,0
"AMB R CAR HCM HOLTER RHYTHM","",48,48,48,48,48,48,1,0,0
"AMB R SCAT DON'T FEEL RIGHT","",3,3,3,3,3,3,1,0,0
"AMB R CAR HCM RESTING GRADIENT","",10,10,10,10,10,10,1,0,0
"AMB R NEURO ABC SCALE REACHING AT YOUR EYE LEVEL","",100,100,100,100,100,100,1,0,0
"OHSU IP R RT RISE TIME","min",3,3,3,3,3,3,1,0,0
"OHSU R HYDROMORPHONE INCREMENTAL DOSE VOLUME (ML)","mL",1,1,1,1,1,1,1,0,0
"OHSU IP R VENT FLOW CYCLE","%",0,0,0,0,0,0,1,0,0
"GI - ENEMA - VOLUME (ML)","",1000,1000,1000,1000,1000,1000,1,0,0
"AMB R CAR HCM PROVOKED GRADIENT","",13,13,13,13,13,13,1,0,0
"OHSU IP R MILRINONE K CONSTANT","",0.039,0.039,0.039,0.039,0.039,0.039,1,0,0
"R Y CHEST TUBE SIZE 1","Fr.",19,19,19,19,19,19,1,0,0
"OHSU IP R PATIENT BELONGINGS: SENT HOME CHANGE","",0,0,0,0,0,0,1,0,0
"AMB R CAR REHAB HOME EXERCISE TIME","",5,5,5,5,5,5,1,0,0
"AMB R SCAT SENSITIVITY TO NOISE","",1,1,1,1,1,1,1,0,0
"AMB R SCAT HEARING PROBLEMS/RINGING IN EARS","",1,1,1,1,1,1,1,0,0
"OHSU IP R DEXMEDETOMIDINE K CONSTANT","",0.0596,0.0596,0.0596,0.0596,0.0596,0.0596,1,0,0
"AMB R REHAB LEFS % FUNC LEVEL FROM SUM","%",23.75,23.75,23.75,23.75,23.75,23.75,1,0,0
"OHSU IP R PCA MCG FENTANYL DOSES GIVEN","",10,10,10,10,10,10,1,0,0
"AMB R REH QUICK DASH MANUAL SCORE","",11,11,11,11,11,11,1,0,0
"HEP ASSAY","",0.95,0.95,0.95,0.95,0.95,0.95,1,0,0
"BASDAI SCORE","",7.65,7.65,7.65,7.65,7.65,7.65,1,0,0
"AMB R ORTHO GLOBAL PERIOD CALC","",8,8,8,8,8,8,1,0,0
"AMB R SCAT FEELING IN A FOG","",1,1,1,1,1,1,1,0,0
"AMB R CAR HCM ECHO EF","",60,60,60,60,60,60,1,0,0
"R ESAS SHORTNESS OF BREATH","",5,5,5,5,5,5,1,0,0
"AMB R NEURO ABC SCALE REACHING WHILE STANDING ON A CHAIR","",50,50,50,50,50,50,1,0,0
"AMB R CAR REHAB TREADMILL INTENSITY MPH","mph",1.4,1.4,1.4,1.4,1.4,1.4,1,0,0
"R ESAS PAIN","",10,10,10,10,10,10,1,0,0
"AMB R CAR HCM CARDIAC MRI LVEF","",80,80,80,80,80,80,1,0,0
"OHSU IP R RT AVAPS IPAP MAX","cm H2O",12,12,12,12,12,12,1,0,0
"AMB R SCAT FEELING SLOWED DOWN","",3,3,3,3,3,3,1,0,0
"TOTAL SCORE","",8,8,8,8,8,8,1,0,0
"OHSU IP R RT AVAPS IPAP MIN","cm H2O",18,18,18,18,18,18,1,0,0
"OHSU IP R RT PFT FVC LITERS","L",2.14,2.14,2.14,2.14,2.14,2.14,1,0,0
"OHSU R ANE PLASMA VOLUME","ml",200,200,200,200,200,200,1,0,0
"AMB R IMC OPIOID TOTAL SCORE","",16,16,16,16,16,16,1,0,0
"CPM S12 ROW AS OXYGEN CONCENTRATION (%) 2","",97,97,97,97,97,97,1,0,0
"AMB R AQ AUDIT ADDITIONAL TOTAL","",1,1,1,1,1,1,1,0,0
"AMB R HEARTMATE II DOPPLER PRESSURE MANUAL","mmHg",76,76,76,76,76,76,1,0,0
"OHSU R ANE POC ABG ELECTROLYTE NA","",142,142,142,142,142,142,1,0,0
"OHSU IP R HEARTMATE II PULSATILITY","",NA,NA,NA,NA,NA,NA,0,0,NA
"RETIRED - OHSU IP R PBP (CITRATE)","mL",NA,NA,NA,NA,NA,NA,0,0,NA
"AMB R HEARTMATE II DOPPLER MANUAL","mmHg",NA,NA,NA,NA,NA,NA,0,0,NA
"OHSU IP R HEARTMATE II PUMP SPEED","RPM",NA,NA,NA,NA,NA,NA,0,0,NA
"OHSU IP R HEPARIN K CONSTANT","",NA,NA,NA,NA,NA,NA,0,0,NA
"OHSU IP R HEARTMATE II POWER","Watts",NA,NA,NA,NA,NA,NA,0,0,NA
"OHSU IP R PROPOFOL K CONSTANT","",NA,NA,NA,NA,NA,NA,0,0,NA
"PEAK FLOW","L/min",NA,NA,NA,NA,NA,NA,0,0,NA
